{
  "accuracy": 0.7938613624586439,
  "precision": 0.4018516969240637,
  "recall": 0.7657561908810713,
  "f1_score": 0.5270954880479909,
  "roc_auc": 0.8697661472135026,
  "test_rows": 125435
}