model,accuracy,precision,recall,f1_score,roc_auc
Random Forest,0.819164520360388,0.4989766680311093,0.8419402826479652,0.626598920543287,0.9124040741750019
Decision Tree,0.7776107541912813,0.43718091326545166,0.8143661672510891,0.5689363992353803,0.8802261810220324
Logistic Regression,0.6044349549515047,0.29068642048838594,0.8297736691106152,0.4305444521019986,0.7510763900540394
