model,accuracy,precision,recall,f1_score,roc_auc
Random Forest,0.896699635207721,0.6503800217155266,0.9229093613856125,0.7630405657683776,0.9668715071411415
Decision Tree,0.8869814157004299,0.6272760246644904,0.9188184039953247,0.7455595792377996,0.9586024869260994
Logistic Regression,0.7818523022126902,0.4437663222436698,0.83057060886197,0.5784643848288622,0.8772751357375206
