model,accuracy,precision,recall,f1_score,roc_auc
Random Forest,0.7938613624586439,0.4018516969240637,0.7657561908810713,0.5270954880479909,0.8697661472135026
Decision Tree,0.7594690477139554,0.35691780303985077,0.7524710383675205,0.48417705287993024,0.8410591731780425
Logistic Regression,0.5535855223821102,0.22004518072289156,0.7764374535019662,0.34290877514140206,0.7233088520084805
